City_ID,City,Country,Date,Lat,Lng,Max Temp,Humidity,Cloudiness,Wind Speed
0,Misratah,LY,2022-02-10 08:01:26,32.3754,15.0925,56.86,57,3,5.46
1,Ubala,CO,2022-02-10 08:01:26,4.7478,-72.5369,73.54,83,95,2.04
2,Longyearbyen,SJ,2022-02-10 08:01:27,78.2186,15.6401,15.64,86,75,8.05
3,Mataura,NZ,2022-02-10 08:01:27,-46.1927,168.8643,65.48,80,23,4.23
4,Busselton,AU,2022-02-10 08:01:27,-33.65,115.3333,96.08,34,75,11.3
5,Abancay,PE,2022-02-10 08:01:28,-13.6339,-72.8814,57.65,96,100,2.17
6,Atuona,PF,2022-02-10 08:01:28,-9.8,-139.0333,78.51,77,19,17.56
7,Dikson,RU,2022-02-10 08:01:28,73.5069,80.5464,1.17,93,95,20.11
8,New Norfolk,AU,2022-02-10 08:01:29,-42.7826,147.0587,69.93,40,11,3.0
9,Cidreira,BR,2022-02-10 08:01:29,-30.1811,-50.2056,71.19,76,18,12.35
10,Kathu,TH,2022-02-10 08:01:29,7.9178,98.3332,89.69,69,40,2.91
11,Bandarbeyla,SO,2022-02-10 08:01:30,9.4942,50.8122,77.59,53,86,22.35
12,Punta Arenas,CL,2022-02-10 08:01:01,-53.15,-70.9167,44.11,75,100,23.13
13,Salalah,OM,2022-02-10 08:01:30,17.0151,54.0924,78.49,22,59,4.72
14,Tautira,PF,2022-02-10 08:01:31,-17.7333,-149.15,82.0,77,20,14.54
15,Saint George,US,2022-02-10 07:58:45,37.1041,-113.5841,51.8,41,0,1.01
16,Ushuaia,AR,2022-02-10 08:01:31,-54.8,-68.3,39.92,96,100,8.97
17,Nador,MA,2022-02-10 08:01:32,35.174,-2.9287,50.25,93,40,2.3
18,Gimli,CA,2022-02-10 08:01:32,50.6336,-96.9907,1.06,98,100,8.21
19,Sinnamary,GF,2022-02-10 08:01:32,5.3833,-52.95,75.06,87,83,5.77
20,Kaitangata,NZ,2022-02-10 08:01:33,-46.2817,169.8464,59.23,98,36,2.98
21,Rikitea,PF,2022-02-10 08:01:33,-23.1203,-134.9692,78.94,73,36,18.68
22,Upernavik,GL,2022-02-10 08:01:33,72.7868,-56.1549,-16.17,82,100,9.64
23,Innisfail,AU,2022-02-10 08:00:35,-17.5333,146.0333,80.35,73,1,5.06
24,Jamestown,US,2022-02-10 08:01:34,42.097,-79.2353,37.09,65,100,11.01
25,Gamboula,CF,2022-02-10 08:01:34,4.1178,15.1393,83.75,15,88,5.5
26,Kilindoni,TZ,2022-02-10 08:01:35,-7.9139,39.6668,81.86,74,100,10.87
27,Kirakira,SB,2022-02-10 08:01:35,-10.4544,161.9205,79.39,86,98,7.63
28,Sungaipenuh,ID,2022-02-10 08:01:35,-2.0833,101.3833,77.14,41,94,4.0
29,Hermanus,ZA,2022-02-10 08:01:36,-34.4187,19.2345,69.91,80,99,4.54
30,Lampa,CL,2022-02-10 08:01:36,-33.2833,-70.9,66.63,81,11,1.45
31,Faanui,PF,2022-02-10 08:01:36,-16.4833,-151.75,81.1,77,74,15.05
32,Richards Bay,ZA,2022-02-10 08:01:37,-28.783,32.0377,83.43,60,31,4.12
33,Bambous Virieux,MU,2022-02-10 08:01:37,-20.3428,57.7575,84.45,65,40,9.22
34,Saint-Philippe,RE,2022-02-10 08:01:38,-21.3585,55.7679,83.75,73,17,8.99
35,Manoel Urbano,BR,2022-02-10 08:01:38,-8.8389,-69.2597,71.42,99,100,1.97
36,Dunedin,NZ,2022-02-10 08:01:38,-45.8742,170.5036,62.33,98,27,0.49
37,Bengkulu,ID,2022-02-10 08:01:39,-3.8004,102.2655,79.77,68,100,5.17
38,Yellowknife,CA,2022-02-10 08:00:00,62.456,-114.3525,-5.58,83,100,21.85
39,Bethel,US,2022-02-10 08:01:34,41.3712,-73.414,35.1,87,80,3.18
40,Muisne,EC,2022-02-10 08:01:39,0.6,-80.0333,74.89,92,100,4.59
41,Butaritari,KI,2022-02-10 08:01:40,3.0707,172.7902,82.42,78,91,17.36
42,Khatanga,RU,2022-02-10 08:01:40,71.9667,102.5,1.81,94,100,16.71
43,Jijiga,ET,2022-02-10 08:01:41,9.35,42.8,74.86,15,100,10.07
44,Kandrian,PG,2022-02-10 08:01:41,-6.2167,149.55,82.33,79,100,0.89
45,San Jose,US,2022-02-10 07:57:14,37.3394,-121.895,63.19,53,0,1.99
46,Hilo,US,2022-02-10 08:01:42,19.7297,-155.09,68.11,94,33,1.99
47,Puerto Ayora,EC,2022-02-10 08:01:42,-0.7393,-90.3518,72.66,86,66,6.53
48,Rocha,UY,2022-02-10 08:01:43,-34.4833,-54.3333,58.66,93,5,5.61
49,Thompson,CA,2022-02-10 08:01:43,55.7435,-97.8558,-7.42,99,100,4.92
50,Sao Miguel Do Araguaia,BR,2022-02-10 08:01:44,-13.275,-50.1628,70.48,98,100,5.3
51,Avarua,CK,2022-02-10 08:01:44,-21.2078,-159.775,78.85,89,75,3.44
52,Kapaa,US,2022-02-10 08:01:45,22.0752,-159.319,68.18,76,46,4.99
53,Tuktoyaktuk,CA,2022-02-10 08:01:45,69.4541,-133.0374,-10.73,96,100,11.21
54,Pacific Grove,US,2022-02-10 08:01:45,36.6177,-121.9166,62.49,49,0,5.01
55,Cape Town,ZA,2022-02-10 07:57:02,-33.9258,18.4232,70.88,81,75,4.61
56,Jacareacanga,BR,2022-02-10 08:01:46,-6.2222,-57.7528,71.91,95,100,1.39
57,Rincon,US,2022-02-10 08:00:12,32.296,-81.2354,46.13,64,0,5.08
58,East London,ZA,2022-02-10 07:58:36,-33.0153,27.9116,74.34,60,0,11.5
59,Hobyo,SO,2022-02-10 08:01:47,5.3505,48.5268,81.28,57,94,24.07
60,Reforma,MX,2022-02-10 08:01:47,18.1,-91.0167,60.73,95,14,4.18
61,Teguise,ES,2022-02-10 08:01:48,29.0605,-13.564,66.42,32,0,2.3
62,Constitucion,CL,2022-02-10 08:01:48,-35.3333,-72.4167,57.27,85,40,6.38
63,Arraial Do Cabo,BR,2022-02-10 08:01:49,-22.9661,-42.0278,69.62,94,100,2.93
64,College,US,2022-02-10 07:57:28,64.8569,-147.8028,-2.99,79,100,9.22
65,Bluff,NZ,2022-02-10 08:01:10,-46.6,168.3333,65.8,90,98,7.29
66,Georgetown,MY,2022-02-10 07:56:53,5.4112,100.3354,85.95,72,20,5.99
67,Kolyshley,RU,2022-02-10 08:01:49,52.7005,44.5367,30.11,93,98,7.56
68,Chokurdakh,RU,2022-02-10 08:01:50,70.6333,147.9167,-22.58,94,92,10.65
69,Portalegre,PT,2022-02-10 08:01:50,39.2938,-7.4312,41.5,70,23,3.18
70,Barrow,US,2022-02-10 08:01:51,71.2906,-156.7887,-16.58,69,100,8.05
71,Broken Hill,AU,2022-02-10 08:01:51,-31.95,141.4333,83.79,26,0,17.36
72,Albany,US,2022-02-10 07:59:41,42.6001,-73.9662,39.81,74,100,4.52
73,Narsaq,GL,2022-02-10 08:01:52,60.9167,-46.05,12.42,69,22,8.19
74,Ghanzi,BW,2022-02-10 08:01:52,-21.5667,21.7833,85.1,35,20,7.56
75,Azangaro,PE,2022-02-10 08:01:52,-14.9167,-70.2167,41.58,89,86,2.35
76,Victoria,HK,2022-02-10 08:00:04,22.2855,114.1577,69.19,86,78,3.0
77,Muzhi,RU,2022-02-10 08:01:53,65.3667,64.6667,10.94,93,100,14.32
78,Katsuura,JP,2022-02-10 08:01:53,35.1333,140.3,39.22,90,100,9.1
79,Joaquim Gomes,BR,2022-02-10 08:01:54,-9.1373,-35.7519,73.65,84,92,5.19
80,Lebu,CL,2022-02-10 08:01:54,-37.6167,-73.65,57.6,85,100,22.37
81,Henderson,US,2022-02-10 07:59:46,36.0397,-114.9819,64.38,29,0,13.8
82,Verkhnyaya Inta,RU,2022-02-10 08:01:55,65.9811,60.3094,12.52,76,100,12.46
83,Opuwo,NA,2022-02-10 08:01:55,-18.0607,13.84,70.2,78,100,1.72
84,Lazaro Cardenas,MX,2022-02-10 08:01:55,17.9583,-102.2,68.68,83,0,5.61
85,Kavaratti,IN,2022-02-10 08:01:56,10.5669,72.642,80.1,71,97,15.32
86,Musafirkhana,IN,2022-02-10 08:01:56,26.3667,81.8,71.74,46,0,9.19
87,Batagay,RU,2022-02-10 08:01:56,67.6333,134.6333,-36.2,99,54,2.89
88,Sambava,MG,2022-02-10 08:01:57,-14.2667,50.1667,83.34,73,92,8.1
89,Churapcha,RU,2022-02-10 08:01:57,62.0025,132.4325,-19.5,97,97,3.94
90,Bafra,TR,2022-02-10 08:01:57,41.5678,35.9069,46.81,71,96,14.7
91,Cotonou,BJ,2022-02-10 08:01:58,6.3654,2.4183,81.07,80,7,5.26
92,Magaria,NE,2022-02-10 08:01:58,12.9983,8.9099,69.33,8,1,12.44
93,Fairbanks,US,2022-02-10 08:00:00,64.8378,-147.7164,-1.91,79,100,5.3
94,Cabo San Lucas,MX,2022-02-10 08:00:27,22.8909,-109.9124,68.5,71,6,5.01
95,Pitimbu,BR,2022-02-10 08:01:59,-7.4706,-34.8086,78.35,70,65,5.91
96,Valparaiso,CL,2022-02-10 08:00:39,-33.0393,-71.6273,65.48,77,73,1.61
97,Bereda,ES,2022-02-10 08:01:59,43.2686,-7.5406,46.99,100,40,2.21
98,Walvis Bay,NA,2022-02-10 08:02:00,-22.9575,14.5053,69.1,79,4,5.7
99,Tevaitoa,PF,2022-02-10 08:02:00,-16.7833,-151.5,81.16,76,95,14.9
100,Yumen,CN,2022-02-10 08:02:01,40.2833,97.2,31.24,26,100,15.05
101,Yuzhno-Kurilsk,RU,2022-02-10 08:02:01,44.0306,145.8556,22.03,81,67,4.85
102,Port Hawkesbury,CA,2022-02-10 08:02:02,45.6169,-61.3485,33.19,97,100,1.99
103,Moju,BR,2022-02-10 08:02:02,-1.8839,-48.7689,75.27,99,70,2.42
104,Coihaique,CL,2022-02-10 07:58:19,-45.5752,-72.0662,47.01,65,75,2.3
105,Ahipara,NZ,2022-02-10 08:02:02,-35.1667,173.1667,72.18,88,97,7.76
106,Shemgang,BT,2022-02-10 08:02:03,27.2169,90.6579,46.36,80,90,5.37
107,Dingle,PH,2022-02-10 08:02:03,10.9995,122.6711,82.17,66,85,14.41
108,Nouadhibou,MR,2022-02-10 08:02:03,20.931,-17.0347,68.83,47,90,13.06
109,Mar Del Plata,AR,2022-02-10 08:00:23,-38.0023,-57.5575,66.87,89,37,3.0
110,Banda Aceh,ID,2022-02-10 08:02:04,5.5577,95.3222,85.08,68,99,10.49
111,Komsomolskiy,UZ,2022-02-10 08:02:04,40.4272,71.7189,45.75,53,90,4.61
112,Toora-Khem,RU,2022-02-10 08:02:05,52.4675,96.11,0.93,85,100,1.41
113,Magesti,RO,2022-02-10 08:02:05,47.0167,22.45,43.63,76,0,4.25
114,Odweyne,SO,2022-02-10 08:02:06,9.4092,45.064,80.69,15,3,8.7
115,Geraldton,AU,2022-02-10 08:02:06,-28.7667,114.6,90.01,33,0,14.97
116,Le Port,RE,2022-02-10 08:02:06,-20.9373,55.2919,84.16,72,11,3.6
117,Port Alfred,ZA,2022-02-10 08:02:07,-33.5906,26.891,75.45,63,0,9.62
118,Kamiiso,JP,2022-02-10 08:02:07,41.8167,140.65,27.86,84,99,3.56
119,San Vicente,AR,2022-02-10 08:02:08,-26.6167,-54.1333,59.59,59,0,1.79
120,Shwebo,MM,2022-02-10 08:02:08,22.5667,95.7,85.35,20,1,4.88
121,Souillac,MU,2022-02-10 08:02:08,-20.5167,57.5167,84.58,65,40,9.22
122,Hobart,AU,2022-02-10 07:57:10,-42.8794,147.3294,70.27,44,40,12.66
123,Bograd,RU,2022-02-10 08:02:09,54.2344,90.8328,-6.05,93,73,3.29
124,Havelock,US,2022-02-10 08:02:09,34.8791,-76.9013,43.95,80,0,4.68
125,Indiana,US,2022-02-10 08:01:45,40.0003,-86.2503,37.42,76,100,17.27
126,Kununurra,AU,2022-02-10 08:02:10,-15.7667,128.7333,84.18,70,40,9.22
127,Fasa,IR,2022-02-10 08:02:10,28.9383,53.6482,57.15,24,0,4.74
128,Victor Harbor,AU,2022-02-10 08:02:11,-35.5667,138.6167,76.8,64,0,1.99
129,Vaini,TO,2022-02-10 08:02:11,-21.2,-175.2,80.78,83,45,22.59
130,Lompoc,US,2022-02-10 08:02:12,34.6391,-120.4579,65.12,57,0,8.05
131,Caravelas,BR,2022-02-10 08:02:12,-17.7125,-39.2481,73.63,92,6,3.56
132,Kodiak,US,2022-02-10 07:57:59,57.79,-152.4072,21.09,61,5,11.63
133,Namibe,AO,2022-02-10 08:02:13,-15.1961,12.1522,73.62,74,100,1.97
134,Bubaque,GW,2022-02-10 08:02:13,11.2833,-15.8333,77.74,67,0,8.77
135,Cozumel,MX,2022-02-10 07:59:45,20.5083,-86.9458,72.95,88,25,9.17
136,Emiliano Zapata,MX,2022-02-10 08:02:14,18.8333,-99.1833,66.83,38,3,1.83
137,Dosso,NE,2022-02-10 08:02:14,13.049,3.1937,74.25,9,48,14.18
138,Ilulissat,GL,2022-02-10 08:02:15,69.2167,-51.1,-16.02,95,99,12.08
139,Fortuna,US,2022-02-10 08:02:15,40.5982,-124.1573,61.09,93,0,10.36
140,Tevriz,RU,2022-02-10 08:02:16,57.509,72.4042,5.2,82,6,5.79
141,Vardo,NO,2022-02-10 08:02:16,70.3705,31.1107,28.6,80,75,16.11
142,Smoky Lake,CA,2022-02-10 08:02:17,54.1169,-112.4686,43.48,83,87,23.94
143,Liverpool,GB,2022-02-10 07:59:19,53.4106,-2.9779,41.77,81,40,10.36
144,Ambilobe,MG,2022-02-10 08:02:17,-13.2,49.05,79.29,88,100,7.7
145,Saint-Augustin,CA,2022-02-10 08:02:18,51.226,-58.6502,8.8,92,10,6.2
146,Carnarvon,AU,2022-02-10 08:02:18,-24.8667,113.6333,85.14,58,0,21.63
147,Hithadhoo,MV,2022-02-10 08:02:18,-0.6,73.0833,82.15,72,87,11.95
148,Tasiilaq,GL,2022-02-10 08:02:19,65.6145,-37.6368,17.76,58,100,7.29
149,Itarema,BR,2022-02-10 08:02:19,-2.9248,-39.9167,76.73,81,64,6.22
150,Bontoc,PH,2022-02-10 08:02:19,17.0899,120.978,72.84,86,89,3.31
151,Gannan,CN,2022-02-10 08:02:20,47.9147,123.5031,11.43,87,100,6.76
152,Sao Joao Da Barra,BR,2022-02-10 08:02:20,-21.6403,-41.0511,69.51,96,100,8.43
153,Tilichiki,RU,2022-02-10 08:02:21,60.4667,166.1,-14.22,82,31,6.51
154,Bari Sadri,IN,2022-02-10 08:02:21,24.4167,74.4667,70.14,31,0,7.27
155,Iqaluit,CA,2022-02-10 08:02:22,63.7506,-68.5145,-20.42,88,100,1.77
156,Ahuimanu,US,2022-02-10 08:02:23,21.4447,-157.8378,72.75,85,16,1.99
157,Turayf,SA,2022-02-10 08:02:23,31.6725,38.6637,46.11,57,15,16.75
158,Shingu,JP,2022-02-10 08:00:21,33.7333,135.9833,48.9,91,100,1.45
159,Paamiut,GL,2022-02-10 08:02:24,61.994,-49.6678,16.05,75,99,13.67
160,Tiznit,MA,2022-02-10 08:02:24,29.5833,-9.5,58.06,35,36,7.52
161,Brazii,RO,2022-02-10 08:02:24,44.7667,26.35,48.65,58,0,8.21
162,Provideniya,RU,2022-02-10 08:02:25,64.3833,-173.3,-18.38,90,34,4.59
163,Ribeira Grande,PT,2022-02-10 08:02:25,38.5167,-28.7,54.0,76,20,6.91
164,Castro,BR,2022-02-10 08:02:26,-24.7911,-50.0119,58.64,91,93,5.82
165,Yerbogachen,RU,2022-02-10 08:02:26,61.2767,108.0108,-6.86,91,100,5.68
166,Slyudyanka,RU,2022-02-10 08:02:26,51.6594,103.7061,3.96,82,100,3.83
167,Sumbe,AO,2022-02-10 08:02:27,-11.2061,13.8437,78.1,57,100,10.31
168,Puerto Escondido,MX,2022-02-10 08:02:27,15.85,-97.0667,73.44,78,0,4.63
169,Pimentel,PE,2022-02-10 08:02:28,-6.8367,-79.9342,70.68,77,100,8.28
170,Kapit,MY,2022-02-10 08:02:28,2.0167,112.9333,82.99,88,82,1.72
171,Pangnirtung,CA,2022-02-10 08:02:28,66.1451,-65.7125,-21.89,85,28,7.4
172,Kapiri Mposhi,ZM,2022-02-10 08:02:29,-13.9652,28.6809,70.97,85,96,3.83
173,Los Llanos De Aridane,ES,2022-02-10 08:02:29,28.6585,-17.9182,64.15,68,0,4.61
174,Mount Gambier,AU,2022-02-10 08:02:29,-37.8333,140.7667,65.7,51,10,10.11
175,Dryden,CA,2022-02-10 08:00:36,49.7833,-92.7503,5.29,85,100,4.61
176,Sitka,US,2022-02-10 08:02:30,57.0531,-135.33,37.29,87,100,19.57
177,Mahebourg,MU,2022-02-10 08:02:30,-20.4081,57.7,84.49,65,40,9.22
178,Natal,BR,2022-02-10 08:02:31,-5.795,-35.2094,78.22,69,39,4.16
179,Kijang,KR,2022-02-10 08:02:31,35.2442,129.2139,48.69,31,4,2.59
180,Pisco,PE,2022-02-10 08:02:32,-13.7,-76.2167,68.02,84,100,2.95
181,Poum,NC,2022-02-10 08:02:32,-20.2333,164.0167,80.55,88,100,30.6
182,Ulladulla,AU,2022-02-10 08:02:32,-35.35,150.4667,74.88,85,100,12.88
183,Chimbote,PE,2022-02-10 08:02:33,-9.0853,-78.5783,69.42,82,100,4.59
184,Samaipata,BO,2022-02-10 08:02:33,-18.15,-63.8667,48.81,81,45,2.98
185,Hwange,ZW,2022-02-10 08:02:33,-18.3693,26.5019,82.38,59,0,4.85
186,Aleksandrovsk-Sakhalinskiy,RU,2022-02-10 08:02:34,50.8975,142.1561,13.01,98,100,3.53
187,Panaba,MX,2022-02-10 08:02:34,21.2833,-88.2667,65.7,93,21,4.41
188,Hasaki,JP,2022-02-10 08:02:35,35.7333,140.8333,39.6,87,100,23.04
189,Jutai,BR,2022-02-10 08:02:35,-5.1833,-68.9,70.83,99,100,2.37
190,Airai,TL,2022-02-10 08:02:35,-8.9266,125.4092,63.36,98,100,0.36
191,Maniitsoq,GL,2022-02-10 08:02:36,65.4167,-52.9,5.65,88,100,6.96
192,San Jeronimo,PE,2022-02-10 08:02:36,-11.9472,-75.2829,49.21,87,100,2.59
193,Coquimbo,CL,2022-02-10 08:01:50,-29.9533,-71.3436,64.08,84,28,3.53
194,Zhigalovo,RU,2022-02-10 08:02:37,54.8097,105.1578,-2.96,82,100,3.0
195,Belmonte,BR,2022-02-10 08:02:37,-15.8631,-38.8828,75.97,87,61,1.92
196,Vestmanna,FO,2022-02-10 08:02:38,62.1564,-7.1664,31.12,55,75,16.11
197,Chuy,UY,2022-02-10 08:02:38,-33.6971,-53.4616,62.6,86,3,5.77
198,Zhigansk,RU,2022-02-10 08:02:38,66.7697,123.3711,-30.14,97,96,9.4
199,Klaksvik,FO,2022-02-10 08:02:39,62.2266,-6.589,32.92,65,100,25.68
200,Waipawa,NZ,2022-02-10 08:00:54,-41.4122,175.5153,70.43,75,100,10.89
201,Ballina,AU,2022-02-10 08:02:39,-28.8667,153.5667,74.21,64,0,8.61
202,Alamosa,US,2022-02-10 08:02:39,37.4695,-105.87,26.11,92,0,8.05
203,Port Elizabeth,ZA,2022-02-10 08:02:40,-33.918,25.5701,76.15,58,0,10.0
204,Plettenberg Bay,ZA,2022-02-10 08:02:40,-34.0527,23.3716,70.03,81,27,8.55
205,Chicama,PE,2022-02-10 08:02:40,-7.8447,-79.1469,69.85,76,100,2.04
206,Harer,ET,2022-02-10 08:02:41,9.3094,42.1258,74.86,25,76,5.73
207,Inverell,AU,2022-02-10 08:02:41,-29.7833,151.1167,83.1,38,81,1.99
208,Nome,US,2022-02-10 08:02:42,64.5011,-165.4064,-22.85,77,79,5.14
209,Haines Junction,CA,2022-02-10 08:02:42,60.7522,-137.5108,26.29,82,100,11.05
210,Guerrero Negro,MX,2022-02-10 08:02:43,27.9769,-114.0611,60.12,65,0,2.51
211,Dicabisagan,PH,2022-02-10 08:02:43,17.0818,122.4157,79.48,70,17,6.58
212,Voyinka,UA,2022-02-10 08:02:43,45.8699,33.9914,39.72,69,11,9.89
213,Voh,NC,2022-02-10 08:02:44,-20.9667,164.7,79.39,94,100,12.41
214,Kihei,US,2022-02-10 08:02:44,20.785,-156.4656,74.84,78,95,2.44
215,Tuatapere,NZ,2022-02-10 08:02:44,-46.1333,167.6833,65.82,81,66,1.81
216,Colomi,BO,2022-02-10 08:02:45,-17.35,-65.8667,48.22,91,100,2.93
217,Northam,GB,2022-02-10 08:02:45,51.0333,-4.2167,44.29,76,100,12.91
218,Kismayo,SO,2022-02-10 08:02:46,-0.3582,42.5454,83.55,63,56,19.13
219,Diamantino,BR,2022-02-10 08:02:46,-14.4086,-56.4461,69.67,97,100,3.09
220,Trinidad,BO,2022-02-10 08:02:47,-14.8333,-64.9,71.74,90,100,0.51
221,Luganville,VU,2022-02-10 08:02:47,-15.5333,167.1667,80.51,81,100,6.38
222,Nanortalik,GL,2022-02-10 08:02:48,60.1432,-45.2371,18.99,61,70,6.46
223,Naze,JP,2022-02-10 08:02:48,28.3667,129.4833,55.74,72,93,15.97
224,Hualmay,PE,2022-02-10 08:02:49,-11.0964,-77.6139,69.17,85,100,6.6
225,Leningradskiy,RU,2022-02-10 08:02:49,69.3833,178.4167,-30.8,97,91,6.35
226,Balikpapan,ID,2022-02-10 08:02:49,-1.2675,116.8289,83.39,84,40,3.44
227,Bin Qirdan,TN,2022-02-10 08:02:50,33.1378,11.2197,51.66,58,0,4.72
228,Sao Felix Do Xingu,BR,2022-02-10 08:02:50,-6.6447,-51.995,70.27,99,100,0.94
229,Dahra,DZ,2022-02-10 08:02:50,36.2546,0.8519,48.2,75,0,2.15
230,Hamilton,US,2022-02-10 08:02:08,39.1834,-84.5333,38.95,77,75,1.99
231,Kidal,ML,2022-02-10 08:02:51,18.4411,1.4078,67.91,9,0,10.02
232,Barstow,US,2022-02-10 08:02:51,34.8986,-117.0228,63.3,23,0,3.18
233,Kristianstad,SE,2022-02-10 08:02:51,56.0313,14.1524,39.58,94,75,10.36
234,Jaisalmer,IN,2022-02-10 08:02:52,26.9147,70.9181,74.07,17,0,4.99
235,Bredasdorp,ZA,2022-02-10 08:02:52,-34.5322,20.0403,67.28,70,99,7.05
236,Azua,DO,2022-02-10 08:02:52,18.4532,-70.7349,71.06,84,75,3.33
237,Krasnovishersk,RU,2022-02-10 08:02:53,60.4078,57.082,26.17,89,100,12.66
238,Vanimo,PG,2022-02-10 08:02:53,-2.6741,141.3028,83.1,74,64,4.36
239,Mayo,US,2022-02-10 08:02:54,38.8876,-76.5119,45.09,64,0,4.61
240,Zakamensk,RU,2022-02-10 08:02:55,50.3741,103.2863,4.05,65,100,1.92
241,Trairi,BR,2022-02-10 08:02:55,-3.2778,-39.2689,77.11,80,86,4.32
242,Pevek,RU,2022-02-10 08:02:55,69.7008,170.3133,-30.5,98,100,2.77
243,Atikokan,CA,2022-02-10 08:02:56,48.7555,-91.6216,-5.03,100,100,3.91
244,Abu Samrah,SY,2022-02-10 08:02:56,35.3029,37.1841,47.68,73,93,12.1
245,Saint-Pierre,RE,2022-02-10 08:02:56,-21.3393,55.4781,83.84,69,0,13.8
246,Kruisfontein,ZA,2022-02-10 08:02:57,-34.0033,24.7314,76.93,52,0,16.15
247,Boda,CF,2022-02-10 08:02:57,4.3189,17.4695,87.33,11,51,8.86
248,Kouroussa,GN,2022-02-10 08:02:57,10.65,-9.8833,70.47,20,1,5.06
249,Vozdvizhenka,RU,2022-02-10 08:02:58,43.9,131.95,33.55,91,95,2.53
250,Makakilo City,US,2022-02-10 08:02:58,21.3469,-158.0858,71.56,74,73,6.91
251,Luorong,CN,2022-02-10 08:02:59,24.4058,109.6086,46.69,86,100,4.09
252,Ponta Do Sol,PT,2022-02-10 08:02:59,32.6667,-17.1,69.01,56,96,1.23
253,Vila Franca Do Campo,PT,2022-02-10 08:02:59,37.7167,-25.4333,58.19,76,61,8.39
254,Lorengau,PG,2022-02-10 08:03:00,-2.0226,147.2712,81.09,83,85,7.27
255,Cherskiy,RU,2022-02-10 08:03:00,68.75,161.3,-42.09,100,97,4.72
256,Yulara,AU,2022-02-10 08:03:01,-25.2406,130.9889,91.69,23,87,8.66
257,Inhambane,MZ,2022-02-10 08:03:01,-23.865,35.3833,85.59,54,0,6.67
258,Axim,GH,2022-02-10 08:03:01,4.8699,-2.2405,79.93,83,86,5.12
259,Te Anau,NZ,2022-02-10 08:03:02,-45.4167,167.7167,61.88,82,37,4.61
260,Lavrentiya,RU,2022-02-10 08:03:04,65.5833,-171.0,-27.35,93,57,6.93
261,Kunmadaras,HU,2022-02-10 08:03:04,47.4333,20.8,39.18,74,1,6.31
262,Qaanaaq,GL,2022-02-10 08:03:05,77.484,-69.3632,-22.97,60,52,7.49
263,Bodden Town,KY,2022-02-10 08:03:05,19.2833,-81.25,77.0,86,9,1.99
264,Marinette,US,2022-02-10 08:03:06,45.1,-87.6307,27.05,68,100,10.36
265,Omis,HR,2022-02-10 08:03:06,43.4447,16.6886,46.33,55,6,3.09
266,Karratha,AU,2022-02-10 08:03:06,-20.7377,116.8463,89.67,57,10,17.98
267,Sorong,ID,2022-02-10 08:03:07,-0.8833,131.25,82.69,72,99,6.49
268,Barkhan,PK,2022-02-10 08:03:07,29.8977,69.5256,60.51,18,0,7.52
269,Nemuro,JP,2022-02-10 08:03:07,43.3236,145.575,24.06,69,7,3.02
270,Bonavista,CA,2022-02-10 08:03:08,48.6499,-53.1147,35.11,85,94,22.88
271,Byron Bay,AU,2022-02-10 07:59:29,-28.65,153.6167,84.31,65,0,9.31
272,Lata,PT,2022-02-10 08:03:08,40.1629,-8.3327,46.06,68,67,3.6
273,Springbok,ZA,2022-02-10 08:03:09,-29.6643,17.8865,77.58,10,0,2.3
274,Khandyga,RU,2022-02-10 08:03:09,62.6667,135.6,-27.06,99,88,0.98
275,Buchanan,LR,2022-02-10 08:03:10,5.8808,-10.0467,77.32,89,46,4.0
276,Zempoala,MX,2022-02-10 08:03:10,19.45,-96.4167,62.91,83,57,3.44
277,Matara,LK,2022-02-10 08:03:11,5.9485,80.5353,81.16,72,92,8.14
278,Oistins,BB,2022-02-10 08:03:11,13.0667,-59.5333,77.13,66,78,19.22
279,Mykolayivka,UA,2022-02-10 08:03:11,47.5414,30.7561,43.57,82,88,12.71
280,Parrita,CR,2022-02-10 08:03:12,9.5201,-84.3225,74.68,74,6,4.34
281,Saskylakh,RU,2022-02-10 08:03:12,71.9167,114.0833,-0.56,93,100,13.98
282,Bria,CF,2022-02-10 08:03:12,6.5423,21.9863,88.03,11,45,8.1
283,Montepuez,MZ,2022-02-10 08:03:13,-13.1256,38.9997,75.47,90,100,5.35
284,Yar-Sale,RU,2022-02-10 08:03:13,66.8333,70.8333,4.51,93,58,15.77
285,Nikolskoye,RU,2022-02-10 08:03:13,59.7035,30.7861,33.69,91,24,9.28
286,Vestmannaeyjar,IS,2022-02-10 08:03:14,63.4427,-20.2734,23.99,54,0,5.75
287,Jalu,LY,2022-02-10 08:03:15,29.0331,21.5482,51.76,51,0,8.95
288,Beisfjord,NO,2022-02-10 08:03:15,68.3751,17.5988,28.45,77,100,6.85
289,Tanta,EG,2022-02-10 08:03:16,30.7885,31.0019,57.16,49,99,15.48
290,Kampot,KH,2022-02-10 08:03:16,10.6167,104.1833,87.85,57,100,6.38
291,Sokoto,NG,2022-02-10 08:00:26,13.0609,5.239,72.5,8,27,18.32
292,Shubarshi,KZ,2022-02-10 08:03:17,48.5872,57.1869,18.9,88,100,16.2
293,Cooma,AU,2022-02-10 08:03:17,-36.2333,149.1333,66.31,72,97,7.02
294,Calama,CL,2022-02-10 08:03:18,-22.4667,-68.9333,41.49,42,0,18.41
295,Hammerfest,NO,2022-02-10 08:03:18,70.6634,23.6821,28.13,73,0,1.14
296,Severo-Kurilsk,RU,2022-02-10 08:03:19,50.6789,156.125,29.23,76,98,13.91
297,Husavik,IS,2022-02-10 08:03:19,66.0449,-17.3389,7.2,93,57,18.63
298,Suntar,RU,2022-02-10 08:03:20,62.1444,117.6319,-14.12,97,100,0.92
299,Talnakh,RU,2022-02-10 08:03:20,69.4865,88.3972,-3.8,97,100,10.78
300,Chapleau,CA,2022-02-10 08:00:36,47.8405,-83.4034,18.77,95,99,7.52
301,Mildura,AU,2022-02-10 08:00:46,-34.2,142.15,84.07,28,0,13.13
302,Saldanha,ZA,2022-02-10 08:03:21,-33.0117,17.9442,66.9,81,22,9.93
303,Maksatikha,RU,2022-02-10 08:03:21,57.797,35.8825,32.52,96,100,8.81
304,Arcata,US,2022-02-10 08:03:22,40.8665,-124.0828,61.36,71,0,1.01
305,Half Moon Bay,US,2022-02-10 08:00:36,37.4636,-122.4286,63.25,45,0,0.0
306,Quatre Cocos,MU,2022-02-10 08:03:22,-20.2078,57.7625,84.31,67,2,9.4
307,Atar,MR,2022-02-10 08:03:22,20.5169,-13.0499,65.55,15,91,11.27
308,Filingue,NE,2022-02-10 08:03:23,14.3521,3.3168,72.54,9,14,12.24
309,Carutapera,BR,2022-02-10 08:03:23,-1.195,-46.02,74.48,94,100,5.1
310,Fort Nelson,CA,2022-02-10 08:00:36,58.8053,-122.7002,40.48,63,71,12.01
311,Coihueco,CL,2022-02-10 08:03:24,-36.6167,-71.8333,57.94,55,61,8.05
312,Port Hedland,AU,2022-02-10 08:03:24,-20.3167,118.5667,91.45,62,41,21.85
313,Thinadhoo,MV,2022-02-10 08:03:25,0.5333,72.9333,81.88,72,54,11.65
314,San Patricio,US,2022-02-10 08:03:25,28.017,-97.5169,55.26,65,100,6.89
315,Thunder Bay,CA,2022-02-10 08:03:25,48.4001,-89.3168,11.55,72,60,4.0
316,Rockhampton,AU,2022-02-10 08:00:30,-23.3833,150.5,85.89,48,40,11.5
317,Istanbul,TR,2022-02-10 08:00:00,41.0351,28.9833,45.07,81,20,5.75
318,Champerico,GT,2022-02-10 08:03:26,14.3,-91.9167,75.04,74,1,5.1
319,Qena,EG,2022-02-10 08:03:27,26.1615,32.7183,57.9,39,0,19.17
320,Yeniseysk,RU,2022-02-10 08:03:27,58.4497,92.1703,1.6,85,89,3.18
321,Angoram,PG,2022-02-10 08:03:27,-4.0625,144.0661,81.12,84,28,4.45
322,Kavieng,PG,2022-02-10 08:03:28,-2.5744,150.7967,82.44,75,24,8.79
323,Sioux Lookout,CA,2022-02-10 08:03:28,50.1001,-91.917,5.38,100,29,3.42
324,Piacabucu,BR,2022-02-10 08:03:29,-10.4056,-36.4344,78.28,77,90,7.45
325,Taltal,CL,2022-02-10 08:03:29,-25.4,-70.4833,64.08,80,64,1.52
326,Ambulu,ID,2022-02-10 08:03:29,-8.345,113.6058,81.55,83,90,10.71
327,Carbonear,CA,2022-02-10 08:03:30,47.7332,-53.2148,35.42,82,11,15.37
328,Borogontsy,RU,2022-02-10 08:03:30,62.6683,131.1683,-24.97,99,78,2.73
329,Baruun-Urt,MN,2022-02-10 08:03:31,46.6806,113.2792,9.63,84,100,9.66
330,Isangel,VU,2022-02-10 08:03:31,-19.55,169.2667,78.62,92,100,24.29
331,Colares,PT,2022-02-10 08:03:32,38.7992,-9.4469,54.34,70,0,15.01
332,Gat,IL,2022-02-10 08:03:32,31.61,34.7642,49.91,100,98,17.85
333,Verkhnevilyuysk,RU,2022-02-10 08:03:33,63.4453,120.3167,-23.37,98,74,1.48
334,Deputatskiy,RU,2022-02-10 08:03:33,69.3,139.9,-27.81,86,69,6.38
335,Srednekolymsk,RU,2022-02-10 08:03:34,67.45,153.6833,-37.12,99,52,6.42
336,Mandera,KE,2022-02-10 08:03:34,3.9366,41.867,86.86,31,1,13.29
337,Asau,RO,2022-02-10 08:03:34,46.4333,26.4,44.4,79,40,5.97
338,Coffs Harbour,AU,2022-02-10 08:03:35,-30.3,153.1333,82.13,54,0,6.91
339,Okha,RU,2022-02-10 08:03:35,53.5739,142.9478,20.07,96,100,7.61
340,Myitkyina,MM,2022-02-10 08:03:35,25.3833,97.4,79.9,27,0,3.09
341,Port Augusta,AU,2022-02-10 08:03:36,-32.5,137.7667,83.71,49,1,22.44
342,Lagoa,PT,2022-02-10 08:03:36,39.05,-27.9833,57.94,70,9,12.93
343,Sabang,ID,2022-02-10 08:03:36,5.8933,95.3214,82.4,75,98,16.55
344,Portoferraio,IT,2022-02-10 08:03:37,42.8115,10.3146,52.57,71,0,5.17
345,Butte,US,2022-02-10 08:03:37,39.6499,-121.5677,69.35,38,0,5.75
346,Bathsheba,BB,2022-02-10 08:03:38,13.2167,-59.5167,77.61,69,40,21.85
347,Nanchang,CN,2022-02-10 08:03:38,28.6833,115.8833,45.95,75,100,4.7
348,Xuddur,SO,2022-02-10 08:03:38,4.1213,43.8894,83.46,33,79,21.7
349,Chaumont,FR,2022-02-10 08:03:39,48.1167,5.1333,41.38,90,44,11.88
350,Kahului,US,2022-02-10 08:01:45,20.8947,-156.47,74.84,78,80,5.99
351,Bandarban,BD,2022-02-10 08:03:40,22.1965,92.2262,85.69,24,0,5.82
352,Severobaykalsk,RU,2022-02-10 08:03:40,55.65,109.3167,-0.63,80,44,1.41
353,Tara,RU,2022-02-10 08:03:40,56.8944,74.371,6.66,79,14,5.35
354,Gejiu,CN,2022-02-10 08:03:41,23.306,103.1635,61.54,37,55,12.08
355,Kuopio,FI,2022-02-10 08:01:40,62.8924,27.677,24.75,93,40,10.36
356,Bisho,ZA,2022-02-10 08:03:41,-32.8472,27.4422,76.59,43,0,4.45
357,Maldonado,UY,2022-02-10 08:01:26,-34.6667,-54.9167,63.23,92,1,7.07
358,Rye,US,2022-02-10 08:03:30,40.9807,-73.6837,40.12,90,75,0.0
359,Cayenne,GF,2022-02-10 08:00:07,4.9333,-52.3333,76.08,89,100,1.01
360,Izumo,JP,2022-02-10 08:03:42,35.3667,132.7667,45.97,64,80,9.06
361,Sorland,NO,2022-02-10 08:03:42,67.667,12.6934,37.26,79,98,33.51
362,Port Lincoln,AU,2022-02-10 08:00:36,-34.7333,135.8667,67.35,61,0,15.12
363,Panguna,PG,2022-02-10 08:03:43,-6.3164,155.4848,71.62,95,100,1.99
364,Alice Springs,AU,2022-02-10 08:00:28,-23.7,133.8833,96.22,43,2,11.5
365,Camacha,PT,2022-02-10 08:03:43,33.0833,-16.3333,65.53,94,40,6.91
366,Keti Bandar,PK,2022-02-10 08:03:43,24.1447,67.4497,77.95,24,0,3.69
367,Solnechnyy,RU,2022-02-10 08:03:44,50.7214,136.6319,2.77,100,100,1.32
368,Kaili,ID,2022-02-10 08:03:44,-3.4626,120.2147,73.96,88,100,0.81
369,Lakes Entrance,AU,2022-02-10 08:03:45,-37.8811,147.981,67.15,71,98,6.15
370,Sur,OM,2022-02-10 08:03:45,22.5667,59.5289,75.76,42,0,9.78
371,Altay,CN,2022-02-10 08:03:46,47.8667,88.1167,13.26,92,100,3.22
372,Anloga,GH,2022-02-10 08:03:46,5.7947,0.8973,80.82,82,7,6.6
373,Sisimiut,GL,2022-02-10 08:03:46,66.9395,-53.6735,-11.36,98,99,7.31
374,Ngunguru,NZ,2022-02-10 08:03:47,-35.6167,174.5,74.16,94,88,9.19
375,Grindavik,IS,2022-02-10 08:03:47,63.8424,-22.4338,25.27,86,75,14.97
376,Saint-Francois,FR,2022-02-10 08:03:48,46.4154,3.9054,37.42,100,75,3.44
377,At-Bashi,KG,2022-02-10 08:03:48,41.1702,75.8106,14.95,80,90,2.8
378,Chapais,CA,2022-02-10 08:03:48,49.7834,-74.8492,28.18,95,100,9.82
379,Codajas,BR,2022-02-10 08:03:49,-3.8367,-62.0569,72.18,99,100,0.85
380,Araouane,ML,2022-02-10 08:03:49,18.9048,-3.5265,61.16,18,0,13.44
381,Lodwar,KE,2022-02-10 08:03:50,3.1191,35.5973,93.06,20,8,18.23
382,Mareeba,AU,2022-02-10 08:03:50,-17.0,145.4333,77.72,85,92,4.41
383,Gogrial,SS,2022-02-10 08:03:50,8.5332,28.1004,87.06,15,43,8.52
384,San Carlos De Bariloche,AR,2022-02-10 08:00:48,-41.1456,-71.3082,45.88,83,100,6.64
385,Mut,TR,2022-02-10 08:03:51,36.6439,33.4389,39.07,68,66,22.73
386,Denia,ES,2022-02-10 08:03:51,38.8408,0.1057,55.54,86,51,1.99
387,Waingapu,ID,2022-02-10 08:03:52,-9.6567,120.2641,82.54,78,100,8.99
388,Kieta,PG,2022-02-10 08:03:52,-6.2167,155.6333,80.76,85,100,5.35
389,Hanna,CA,2022-02-10 08:01:58,51.6334,-111.9018,40.6,73,100,17.83
390,Evensk,RU,2022-02-10 08:03:52,61.95,159.2333,-12.06,77,72,5.88
391,Kloulklubed,PW,2022-02-10 08:03:53,7.0419,134.2556,82.9,77,99,9.75
392,Anlu,CN,2022-02-10 08:03:53,31.1661,112.5831,49.77,54,98,5.55
393,Laguna,US,2022-02-10 08:03:54,38.421,-121.4238,63.1,87,0,5.75
394,Campoverde,PE,2022-02-10 08:03:54,-8.4753,-74.8058,69.35,99,100,1.81
395,Neiafu,TO,2022-02-10 08:03:54,-18.65,-173.9833,81.79,76,24,22.28
396,Gurun,MY,2022-02-10 08:03:55,5.8172,100.4738,85.78,64,94,3.76
397,Buraydah,SA,2022-02-10 08:01:18,26.326,43.975,73.51,19,70,17.49
398,Nalut,LY,2022-02-10 08:03:55,30.3333,10.85,45.88,65,23,15.79
399,Bilma,NE,2022-02-10 08:03:56,18.6853,12.9164,60.39,35,0,10.67
400,Derzhavinsk,KZ,2022-02-10 08:03:57,51.1,66.3167,14.23,93,89,9.31
401,Bojnurd,IR,2022-02-10 08:03:57,37.4747,57.329,50.68,37,100,8.01
402,Honiara,SB,2022-02-10 08:03:57,-9.4333,159.95,79.36,87,86,7.45
403,Sheridan,US,2022-02-10 08:00:14,44.8333,-106.9173,39.38,62,97,3.76
404,Celestun,MX,2022-02-10 08:03:58,20.8667,-90.4,68.11,74,4,7.36
405,Torbay,CA,2022-02-10 08:03:58,47.6666,-52.7314,34.57,88,100,23.02
406,Maumere,ID,2022-02-10 08:03:59,-8.6199,122.2111,79.32,87,100,9.51
407,Burgersdorp,ZA,2022-02-10 08:03:59,-30.9977,26.3286,81.5,20,0,13.58
408,Aklavik,CA,2022-02-10 08:03:59,68.2191,-135.0107,-16.29,97,100,5.88
409,Malakal,SS,2022-02-10 08:04:00,9.5334,31.6605,88.23,18,17,12.21
410,Lewistown,US,2022-02-10 08:04:00,40.5992,-77.5714,40.84,100,0,0.0
411,West Bay,KY,2022-02-10 08:04:01,19.3667,-81.4167,77.07,82,8,14.27
412,Taoudenni,ML,2022-02-10 08:04:01,22.6783,-3.9836,60.53,29,0,13.51
413,Tura,IN,2022-02-10 08:04:02,25.5198,90.2201,73.31,43,25,6.78
414,San Buenaventura,MX,2022-02-10 08:04:02,27.0833,-101.5333,54.48,31,100,1.52
415,Candelaria,PH,2022-02-10 08:04:02,13.9311,121.4233,81.81,61,53,10.49
416,Ketchikan,US,2022-02-10 08:04:03,55.3422,-131.6461,43.27,70,20,5.75
417,Grand Gaube,MU,2022-02-10 08:04:03,-20.0064,57.6608,84.6,61,0,5.99
418,Wloclawek,PL,2022-02-10 08:04:04,52.6482,19.0678,42.33,92,100,9.1
419,Jos,NG,2022-02-10 08:04:04,9.9167,8.9,68.85,8,5,11.23
420,Loreto,MX,2022-02-10 08:04:05,22.2667,-101.9667,44.94,42,7,6.42
421,Asfi,MA,2022-02-10 08:04:05,32.2994,-9.2372,62.73,44,100,9.04
422,Tiksi,RU,2022-02-10 08:04:06,71.6872,128.8694,-12.82,93,98,14.74
423,Broome,US,2022-02-10 08:04:06,42.2506,-75.833,39.9,74,40,5.99
424,Riachao,BR,2022-02-10 08:04:06,-7.3619,-46.6172,70.83,93,55,1.83
425,Korem,ET,2022-02-10 08:04:07,12.5058,39.5228,63.37,39,49,7.9
426,Bestobe,KZ,2022-02-10 08:04:07,52.4994,73.0975,-2.47,93,35,5.88
427,Parana,AR,2022-02-10 08:04:08,-31.732,-60.5238,69.55,62,0,8.48
428,Pachino,IT,2022-02-10 08:04:08,36.7186,15.0907,55.44,51,0,3.09
429,Abay,KZ,2022-02-10 08:04:08,49.6311,72.8539,-0.02,89,81,4.68
430,Codrington,AU,2022-02-10 08:04:09,-38.2667,141.9667,64.31,52,33,12.57
431,Slantsy,RU,2022-02-10 08:04:09,59.1182,28.0914,30.16,91,12,10.47
432,Yuci,CN,2022-02-10 08:04:10,37.6803,112.7319,38.95,26,0,4.47
433,Namatanai,PG,2022-02-10 08:04:10,-3.6667,152.4333,81.1,81,88,4.63
434,Faya,SA,2022-02-10 08:04:11,18.3851,42.4509,66.72,40,2,8.57
435,Ugoofaaru,MV,2022-02-10 08:04:11,5.6667,73.0,81.57,70,73,7.9
436,Fuyu,CN,2022-02-10 08:04:11,45.1833,124.8167,18.5,89,82,6.33
437,Olafsvik,IS,2022-02-10 08:04:12,64.8945,-23.7142,32.36,75,100,20.71
438,Srandakan,ID,2022-02-10 08:04:12,-7.9386,110.2506,84.18,71,99,12.68
439,Zaraysk,RU,2022-02-10 08:04:13,54.7653,38.8836,29.52,94,100,10.09
440,Nara,JP,2022-02-10 08:04:13,34.6851,135.8049,47.91,59,98,7.05
441,Petropavlovsk-Kamchatskiy,RU,2022-02-10 08:04:13,53.0452,158.6483,21.79,80,75,4.47
442,Kaeo,NZ,2022-02-10 08:03:14,-35.1,173.7833,74.32,93,91,7.78
443,Porto Santo,PT,2022-02-10 08:04:14,33.072,-16.3415,68.31,94,40,6.91
444,Clyde River,CA,2022-02-10 08:04:14,70.4692,-68.5914,-12.77,77,100,24.16
445,Maryborough,AU,2022-02-10 08:04:15,-25.5333,152.7,79.11,56,0,10.98
446,Portland,US,2022-02-10 07:59:34,45.5234,-122.6762,50.97,91,52,1.01
447,Beringovskiy,RU,2022-02-10 08:04:15,63.05,179.3167,-25.22,93,20,5.79
448,Cabedelo,BR,2022-02-10 07:59:28,-6.9811,-34.8339,75.87,69,34,5.93
449,Avera,US,2022-02-10 08:04:16,33.194,-82.5271,48.7,70,0,6.78
450,Inirida,CO,2022-02-10 08:04:16,3.8653,-67.9239,71.2,94,100,0.18
451,Troyes,FR,2022-02-10 08:04:11,48.3333,4.0833,43.23,87,100,11.5
452,Itaituba,BR,2022-02-10 08:04:17,-4.2761,-55.9836,72.81,100,100,1.32
453,Bocana De Paiwas,NI,2022-02-10 08:04:18,12.7857,-85.1227,66.06,96,32,4.41
454,San Juan Del Sur,NI,2022-02-10 08:04:18,11.2529,-85.8705,76.23,82,11,20.74
455,Auki,SB,2022-02-10 08:04:18,-8.7676,160.7034,78.37,88,100,6.02
456,Loiza,PR,2022-02-10 08:04:19,18.4313,-65.8802,75.87,89,40,5.75
457,Bachaquero,VE,2022-02-10 08:04:19,9.9694,-71.1494,77.23,80,44,4.38
458,Gotsu,JP,2022-02-10 08:04:20,35.0,132.2167,45.1,78,100,5.17
459,Pangai,TO,2022-02-10 08:04:20,-19.8,-174.35,80.87,81,41,24.38
460,Teguldet,RU,2022-02-10 08:04:20,57.3064,88.1667,4.51,79,10,5.21
461,Norman Wells,CA,2022-02-10 08:04:21,65.282,-126.8329,-12.01,97,99,3.13
462,Sawtell,AU,2022-02-10 08:04:21,-30.3833,153.1,82.18,54,0,6.91
463,Bensonville,LR,2022-02-10 08:04:22,6.4461,-10.6125,75.7,89,28,3.0
464,Myanaung,MM,2022-02-10 08:04:22,18.2833,95.3167,93.51,11,44,3.65
465,Katunino,RU,2022-02-10 08:04:23,64.3862,40.6298,26.49,92,96,9.4
466,Dandong,CN,2022-02-10 08:04:23,40.1292,124.3947,37.4,58,3,3.42
467,Severnyy,RU,2022-02-10 08:04:23,50.677,36.5532,32.04,93,75,8.95
468,Talara,PE,2022-02-10 08:04:24,-4.5772,-81.2719,72.18,77,100,10.02
469,Wamba,NG,2022-02-10 08:04:24,8.9333,8.6,84.13,8,3,2.37
470,Snezhnogorsk,RU,2022-02-10 08:04:25,69.1933,33.2531,26.38,95,96,12.08
471,Saint-Georges,GD,2022-02-10 08:04:25,12.0564,-61.7485,76.48,77,33,15.32
472,Port Hardy,CA,2022-02-10 08:00:50,50.6996,-127.4199,45.75,93,73,2.39
473,Rabaul,PG,2022-02-10 08:04:26,-4.1967,152.1721,82.71,76,90,7.43
474,Kiruna,SE,2022-02-10 08:04:26,67.8557,20.2251,7.72,92,75,2.3
475,Southbridge,US,2022-02-10 08:04:27,42.0751,-72.0334,34.09,95,45,1.99
476,Birjand,IR,2022-02-10 08:04:27,32.8663,59.2211,56.53,16,0,4.29
477,Luanda,AO,2022-02-10 08:04:28,-8.8368,13.2343,79.02,70,93,9.04
478,Shelburne,CA,2022-02-10 08:02:11,44.0787,-80.2041,33.12,92,100,12.53
479,Sinor,IN,2022-02-10 08:04:28,21.9167,73.3333,82.42,21,2,8.99
480,Sistranda,NO,2022-02-10 08:04:28,63.7256,8.834,38.89,64,100,27.36
481,Morondava,MG,2022-02-10 08:04:29,-20.2833,44.2833,83.95,71,27,6.89
482,Ocumare Del Tuy,VE,2022-02-10 08:04:29,10.1165,-66.7761,73.53,97,61,3.22
483,Manicore,BR,2022-02-10 08:04:30,-5.8092,-61.3003,73.0,96,100,1.41
484,Azoyu,MX,2022-02-10 08:04:30,16.7167,-98.7333,68.02,84,0,4.61
485,Gamba,GA,2022-02-10 08:04:30,-2.65,10.0,80.94,81,97,5.5
486,Dublin,US,2022-02-10 08:00:01,37.7021,-121.9358,62.17,62,0,3.96
487,Vila Velha,BR,2022-02-10 08:00:51,-20.3297,-40.2925,72.95,86,99,8.01
488,North Platte,US,2022-02-10 08:02:14,41.1239,-100.7654,31.24,93,0,3.44
489,Datong,CN,2022-02-10 08:00:16,40.0936,113.2914,35.19,28,57,14.38
490,Agadez,NE,2022-02-10 08:04:32,19.75,10.25,57.43,39,0,12.75
491,Bontang,ID,2022-02-10 08:04:32,0.1333,117.5,81.82,73,96,5.95
492,Chardara,KZ,2022-02-10 08:04:32,41.2547,67.9692,50.59,38,0,9.89
493,Borzya,RU,2022-02-10 08:04:33,50.3833,116.5167,1.0,93,100,4.27
494,Hami,CN,2022-02-10 08:04:33,42.8,93.45,33.26,35,100,1.72
495,Eyl,SO,2022-02-10 08:04:33,7.9803,49.8164,82.26,46,17,21.07
496,Baiyin,CN,2022-02-10 08:04:34,36.5583,104.2081,31.1,49,43,5.23
497,Berlevag,NO,2022-02-10 08:04:34,70.8578,29.0864,26.4,74,0,14.97
498,Sayat,TM,2022-02-10 08:04:35,38.7839,63.8803,59.14,30,0,19.89
499,Kamenka,RU,2022-02-10 08:04:35,51.3223,42.7678,31.75,96,100,8.72
500,Ardakan,IR,2022-02-10 08:04:36,32.31,54.0175,64.78,12,0,2.91
501,Nizhniy Ingash,RU,2022-02-10 08:04:36,56.2,96.53,-2.69,85,93,1.74
502,Turan,VN,2022-02-10 08:02:54,16.0678,108.2208,75.18,83,75,9.22
503,Harper,LR,2022-02-10 08:04:37,4.375,-7.7169,78.89,85,37,3.58
504,Omsukchan,RU,2022-02-10 08:04:37,62.5333,155.8,-24.97,79,77,3.94
505,Pundaguitan,PH,2022-02-10 08:04:37,6.3711,126.1689,81.77,78,100,14.9
506,Askarovo,RU,2022-02-10 08:04:38,53.3372,58.5089,-3.05,78,100,2.24
507,Yanggu,CN,2022-02-10 08:04:38,36.1106,115.7753,50.02,37,100,6.6
508,Sukhobuzimskoye,RU,2022-02-10 08:04:39,56.5,93.2728,-7.96,88,14,0.58
509,Paciran,ID,2022-02-10 08:04:39,-6.8767,112.3761,81.1,82,100,10.07
510,Batemans Bay,AU,2022-02-10 08:04:40,-35.7167,150.1833,75.2,85,100,10.51
511,Langsa,ID,2022-02-10 08:04:40,4.4683,97.9683,86.31,63,100,3.67
512,Vaitape,PF,2022-02-10 08:04:40,-16.5167,-151.75,81.1,77,76,15.03
513,Villazon,BO,2022-02-10 08:04:41,-22.0866,-65.5942,44.06,91,36,4.29
514,Marion,US,2022-02-10 08:02:29,39.7684,-86.1555,38.03,73,100,16.11
515,Nangal,IN,2022-02-10 08:02:13,31.3667,76.3833,65.84,45,0,8.43
516,Oussouye,SN,2022-02-10 08:04:41,12.485,-16.5469,71.08,37,27,7.2
517,Maneadero,MX,2022-02-10 08:04:42,31.7167,-116.5667,64.69,23,0,6.78
518,Nabire,ID,2022-02-10 08:04:42,-3.3667,135.4833,79.3,88,99,0.38
519,Tongren,CN,2022-02-10 08:04:42,27.7172,109.1853,39.07,89,100,2.66
520,Mattru,SL,2022-02-10 08:04:43,7.6244,-11.8332,74.39,92,26,1.1
521,Mount Isa,AU,2022-02-10 08:02:39,-20.7333,139.5,96.57,30,40,9.22
522,Sovetskiy,RU,2022-02-10 08:04:43,61.3614,63.5842,13.01,93,100,12.55
523,Khani,GE,2022-02-10 08:04:44,41.9563,42.9566,33.37,100,100,2.44
524,Sibolga,ID,2022-02-10 08:04:44,1.7427,98.7792,76.12,90,100,2.17
525,Aras,ES,2022-02-10 08:04:45,42.5617,-2.356,35.06,100,0,1.14
526,Cam Ranh,VN,2022-02-10 08:04:45,11.9214,109.1591,82.36,69,20,16.11
527,Svetlogorsk,BY,2022-02-10 08:04:46,52.6333,29.7333,35.96,91,100,10.58
528,Iowa City,US,2022-02-10 08:00:36,41.6611,-91.5302,30.49,79,50,7.0
529,Santa Rosalia,MX,2022-02-10 08:04:46,27.3167,-112.2833,59.86,38,4,3.62
530,Padang,ID,2022-02-10 08:04:46,-0.9492,100.3543,86.05,61,100,2.93
531,Sechura,PE,2022-02-10 08:04:47,-5.5569,-80.8222,72.66,70,100,5.88
532,Lang Son,VN,2022-02-10 08:04:47,21.8333,106.7333,58.39,87,100,1.52
533,Majene,ID,2022-02-10 08:04:47,-3.5403,118.9707,80.64,80,93,7.45
534,Vanavara,RU,2022-02-10 08:01:16,60.34,102.2797,-1.86,86,97,6.15
535,Kindu,CD,2022-02-10 08:04:48,-2.95,25.95,70.75,95,100,4.07
536,Newport,GB,2022-02-10 08:04:48,51.5877,-2.9984,43.86,83,100,7.47
537,Talakan,RU,2022-02-10 08:04:49,50.3167,130.3667,13.15,95,100,1.95
538,Hudson Bay,CA,2022-02-10 08:04:49,52.85,-102.3842,29.86,96,100,6.73
539,Roald,NO,2022-02-10 08:04:50,62.5833,6.1333,37.54,60,75,13.8
540,Marsa Matruh,EG,2022-02-10 08:04:50,31.3525,27.2453,56.71,54,77,24.36
541,Guican,CO,2022-02-10 08:04:50,6.4618,-72.4113,47.98,90,100,0.74
542,North Bend,US,2022-02-10 08:04:51,43.4065,-124.2243,51.08,99,0,0.0
543,Alta Floresta,BR,2022-02-10 08:04:51,-9.8756,-56.0861,69.85,98,100,1.57
544,Pangkalanbuun,ID,2022-02-10 08:04:52,-2.6833,111.6167,77.76,90,100,3.04
545,Sao Jose Da Coroa Grande,BR,2022-02-10 08:04:52,-8.8978,-35.1478,77.86,74,77,7.7
546,Santa Cruz De La Palma,ES,2022-02-10 08:04:53,28.6835,-17.7642,68.14,68,0,4.61
547,Kyaikkami,MM,2022-02-10 08:04:53,16.08,97.5675,83.1,44,79,11.21
548,Boromo,BF,2022-02-10 08:04:53,11.75,-2.9333,75.4,11,0,8.48
549,Tashla,RU,2022-02-10 08:04:54,51.7716,52.7427,23.74,96,100,18.86
550,Kovernino,RU,2022-02-10 08:04:54,57.1253,43.8142,25.56,93,89,7.07
551,Kumluca,TR,2022-02-10 08:04:55,36.3703,30.2869,53.67,37,0,3.67
552,Aksha,RU,2022-02-10 08:04:55,50.2814,113.2867,11.41,84,100,4.45
553,Concordia,AR,2022-02-10 08:04:20,-31.393,-58.0209,68.79,65,0,7.0
554,Wilmington,US,2022-02-10 08:04:55,34.2257,-77.9447,45.86,87,0,0.0
555,Rovaniemi,FI,2022-02-10 08:04:56,66.5,25.7167,24.21,93,100,12.66
556,Luba,GQ,2022-02-10 08:04:56,3.4568,8.5547,81.03,80,86,1.3
557,Cachira,CO,2022-02-10 08:04:57,7.741,-73.0483,52.81,97,72,3.24
558,Mayor Pablo Lagerenza,PY,2022-02-10 08:04:57,-19.9309,-60.7718,68.49,38,65,3.69
559,Horsham,GB,2022-02-10 08:04:58,51.064,-0.3272,43.59,74,0,5.75
560,Sao Caetano De Odivelas,BR,2022-02-10 08:04:58,-0.75,-48.02,74.26,94,100,5.03
561,Port Blair,IN,2022-02-10 08:04:59,11.6667,92.75,86.04,62,40,9.22
562,Araceli,PH,2022-02-10 08:04:59,10.5529,119.9913,80.26,79,40,19.3
563,Beira,MZ,2022-02-10 08:04:59,-19.8436,34.8389,87.89,62,20,5.75
